"RegistroID","ProveedorID","ProveedorNombre","TipoProveedor","CategoriaCompra","PaisProveedor","CiudadProveedor","RiesgoProveedor","CondicionPagoDias","FacturaID","NumeroFactura","FechaFactura","FechaVencimiento","MonedaFactura","TipoCambioFactura","ImporteSubtotal","ImporteImpuesto","ImporteFactura","ImporteFacturaBase","EstadoFacturaFuente","CentroCostoID","CentroCostoNombre","UnidadNegocio","ResponsableCentroCosto","PagoID","FechaPago","MetodoPago","CuentaBancoPago","EstadoPago","ReferenciaPago","MonedaPago","TipoCambioPago","ImportePago","ImportePagoBase"
"REG0001","PRV001","Servicios Delta","Servicios","Tecnología","México","Ciudad de México","Bajo","30","FAC001","F-2025-1001","2025-01-09","2025-02-08","MXN","1","14150","2264","16414","16414","Pagada","CC310","Experiencia","Banca Minorista","Mariana Torres","PAG0001","2025-02-07","Transferencia","Cuenta Pagos","Aplicado","REF-FAC001-1","MXN","1","16414","16414"
"REG0002","PRV002","Suministros Norte","Bienes","Papelería","México","Monterrey","Medio","20","FAC002","F-2025-1002","2025-01-14","2025-02-03","MXN","1","16300","2608","18908","18908","Pagada","CC420","Riesgos","Control","Carlos Vega","PAG0002","2025-02-01","Transferencia","Cuenta Operativa","Aplicado","REF-FAC002-1","MXN","1","18908","18908"
"REG0003","PRV003","Logística Horizonte","Servicios","Logística","México","Guadalajara","Bajo","30","FAC003","F-2025-1003","2025-01-19","2025-02-18","MXN","1","18450","2952","21402","21402","Pagada","CC101","Operaciones","Banca Minorista","Laura Méndez","PAG0003","2025-02-10","Transferencia","Cuenta Operativa","Aplicado","REF-FAC003-1","MXN","1","12841.2","12841.2"
"REG0004","PRV003","Logística Horizonte","Servicios","Logística","México","Guadalajara","Bajo","30","FAC003","F-2025-1003","2025-01-19","2025-02-18","MXN","1","18450","2952","21402","21402","Pagada","CC101","Operaciones","Banca Minorista","Laura Méndez","PAG0004","2025-02-21","Pago electrónico","Cuenta Pagos","Aplicado","REF-FAC003-2","MXN","1","8560.8","8560.8"
"REG0005","PRV004","Consultoría Vector","Servicios","Consultoría","México","Querétaro","Medio","45","FAC004","F-2025-1004","2025-01-04","2025-02-18","MXN","1","20600","3296","23896","23896","Parcial","CC205","Tecnología","Servicios Corporativos","Diego Salas","PAG0005","2025-02-22","Transferencia","Cuenta Operativa","Aplicado","REF-FAC004-1","MXN","1","11948","11948"
"REG0006","PRV005","Equipamiento Central","Bienes","Equipamiento","México","Puebla","Alto","30","FAC005","F-2025-1005","2025-02-09","2025-03-11","MXN","1","22750","3640","26390","26390","Pagada","CC310","Experiencia","Banca Minorista","Mariana Torres","PAG0006","2025-03-11","Pago electrónico","Cuenta Pagos","Aplicado","REF-FAC005-1","MXN","1","26390","26390"
"REG0007","PRV006","Cloud Andino","Servicios","Tecnología","Colombia","Bogotá","Medio","30","FAC006","F-2025-1006","2025-02-14","2025-03-16","USD","17.33","1238","198.08","1436.08","24887.27","Pendiente","CC420","Riesgos","Control","Carlos Vega","","","","","","","","","0","0"
"REG0008","PRV007","Mantenimiento Uno","Servicios","Mantenimiento","México","Mérida","Bajo","15","FAC007","F-2025-1007","2025-02-19","2025-03-06","MXN","1","27050","4328","31378","31378","Pagada","CC101","Operaciones","Banca Minorista","Laura Méndez","PAG0007","2025-03-04","Transferencia","Cuenta Pagos","Aplicado","REF-FAC007-1","MXN","1","31378","31378"
"REG0009","PRV008","Datos Globales","Servicios","Información","Estados Unidos","Austin","Medio","30","FAC008","F-2025-1008","2025-02-04","2025-03-06","USD","17.69","1384","221.44","1605.44","28400.23","Parcial","CC205","Tecnología","Servicios Corporativos","Diego Salas","PAG0008","2025-03-10","Transferencia","Cuenta Operativa","Aplicado","REF-FAC008-1","USD","17.69","802.72","14200.12"
"REG0010","PRV001","Servicios Delta","Servicios","Tecnología","México","Ciudad de México","Bajo","30","FAC009","F-2025-1009","2025-03-09","2025-04-08","MXN","1","31350","5016","36366","36366","Pagada","CC310","Experiencia","Banca Minorista","Mariana Torres","PAG0009","2025-03-31","Transferencia","Cuenta Operativa","Aplicado","REF-FAC009-1","MXN","1","21819.6","21819.6"
"REG0011","PRV001","Servicios Delta","Servicios","Tecnología","México","Ciudad de México","Bajo","30","FAC009","F-2025-1009","2025-03-09","2025-04-08","MXN","1","31350","5016","36366","36366","Pagada","CC310","Experiencia","Banca Minorista","Mariana Torres","PAG0010","2025-04-11","Pago electrónico","Cuenta Pagos","Aplicado","REF-FAC009-2","MXN","1","14546.4","14546.4"
"REG0012","PRV002","Suministros Norte","Bienes","Papelería","México","Monterrey","Medio","20","FAC010","F-2025-1010","2025-03-14","2025-04-03","MXN","1","33500","5360","38860","38860","Pagada","CC420","Riesgos","Control","Carlos Vega","PAG0011","2025-04-03","Pago electrónico","Cuenta Operativa","Aplicado","REF-FAC010-1","MXN","1","38860","38860"
"REG0013","PRV003","Logística Horizonte","Servicios","Logística","México","Guadalajara","Bajo","30","FAC011","F-2025-1011","2025-03-19","2025-04-18","MXN","1","35650","5704","41354","41354","Pendiente","CC101","Operaciones","Banca Minorista","Laura Méndez","PAG0012","2025-04-16","Transferencia","Cuenta Pagos","Aplicado","REF-FAC011-1","MXN","1","41354","41354"
"REG0014","PRV003","Logística Horizonte","Servicios","Logística","México","Guadalajara","Bajo","30","FAC011","F-2025-1011","2025-03-19","2025-04-18","MXN","1","35650","5704","41354","41354","Pendiente","CC101","Operaciones","Banca Minorista","Laura Méndez","PAG0013","2025-04-19","Transferencia","Cuenta Pagos","Reversado","REF-FAC011-2","MXN","1","-41354","-41354"
"REG0015","PRV004","Consultoría Vector","Servicios","Consultoría","México","Querétaro","Medio","45","FAC012","F-2025-1012","2025-03-04","2025-04-18","MXN","1","37800","6048","43848","43848","Pendiente","CC205","Tecnología","Servicios Corporativos","Diego Salas","","","","","","","","","0","0"
"REG0016","PRV005","Equipamiento Central","Bienes","Equipamiento","México","Puebla","Alto","30","FAC013","F-2025-1013","2025-04-09","2025-05-09","MXN","1","39950","6392","46342","46342","Pagada","CC310","Experiencia","Banca Minorista","Mariana Torres","PAG0014","2025-05-06","Transferencia","Cuenta Pagos","Aplicado","REF-FAC013-1","MXN","1","46342","46342"
"REG0017","PRV006","Cloud Andino","Servicios","Tecnología","Colombia","Bogotá","Medio","30","FAC014","F-2025-1014","2025-04-14","2025-05-14","USD","17.87","1822","291.52","2113.52","37768.6","Pagada","CC420","Riesgos","Control","Carlos Vega","PAG0015","2025-05-10","Transferencia","Cuenta Operativa","Aplicado","REF-FAC014-1","USD","17.87","2113.52","37768.6"
"REG0018","PRV007","Mantenimiento Uno","Servicios","Mantenimiento","México","Mérida","Bajo","15","FAC015","F-2025-1015","2025-04-19","2025-05-04","MXN","1","44250","7080","51330","51330","Pagada","CC101","Operaciones","Banca Minorista","Laura Méndez","PAG0016","2025-04-26","Transferencia","Cuenta Operativa","Aplicado","REF-FAC015-1","MXN","1","30798","30798"
"REG0019","PRV007","Mantenimiento Uno","Servicios","Mantenimiento","México","Mérida","Bajo","15","FAC015","F-2025-1015","2025-04-19","2025-05-04","MXN","1","44250","7080","51330","51330","Pagada","CC101","Operaciones","Banca Minorista","Laura Méndez","PAG0017","2025-05-07","Pago electrónico","Cuenta Pagos","Aplicado","REF-FAC015-2","MXN","1","20532","20532"
"REG0020","PRV008","Datos Globales","Servicios","Información","Estados Unidos","Austin","Medio","30","FAC016","F-2025-1016","2025-04-04","2025-05-04","USD","17.33","1968","314.88","2282.88","39562.31","Parcial","CC205","Tecnología","Servicios Corporativos","Diego Salas","PAG0018","2025-05-08","Transferencia","Cuenta Operativa","Aplicado","REF-FAC016-1","USD","17.33","1141.44","19781.16"
"REG0021","PRV001","Servicios Delta","Servicios","Tecnología","México","Ciudad de México","Bajo","30","FAC017","F-2025-1017","2025-05-09","2025-06-08","MXN","1","48550","7768","56318","56318","Pagada","CC310","Experiencia","Banca Minorista","Mariana Torres","PAG0019","2025-06-06","Transferencia","Cuenta Pagos","Aplicado","REF-FAC017-1","MXN","1","56318","56318"
"REG0022","PRV002","Suministros Norte","Bienes","Papelería","México","Monterrey","Medio","20","FAC018","F-2025-1018","2025-05-14","2025-06-03","MXN","1","50700","8112","58812","58812","Pendiente","CC420","Riesgos","Control","Carlos Vega","","","","","","","","","0","0"
"REG0023","PRV003","Logística Horizonte","Servicios","Logística","México","Guadalajara","Bajo","30","FAC019","F-2025-1019","2025-05-19","2025-06-18","MXN","1","52850","8456","61306","61306","Pagada","CC101","Operaciones","Banca Minorista","Laura Méndez","PAG0020","2025-06-14","Transferencia","Cuenta Pagos","Aplicado","REF-FAC019-1","MXN","1","61306","61306"
"REG0024","PRV004","Consultoría Vector","Servicios","Consultoría","México","Querétaro","Medio","45","FAC020","F-2025-1020","2025-05-04","2025-06-18","MXN","1","55000","8800","63800","63800","Parcial","CC205","Tecnología","Servicios Corporativos","Diego Salas","PAG0021","2025-06-22","Transferencia","Cuenta Operativa","Aplicado","REF-FAC020-1","MXN","1","31900","31900"
"REG0025","PRV005","Equipamiento Central","Bienes","Equipamiento","México","Puebla","Alto","30","FAC021","F-2025-1021","2025-06-09","2025-07-09","MXN","1","57150","9144","66294","66294","Pagada","CC310","Experiencia","Banca Minorista","Mariana Torres","PAG0022","2025-07-01","Transferencia","Cuenta Operativa","Aplicado","REF-FAC021-1","MXN","1","39776.4","39776.4"
"REG0026","PRV005","Equipamiento Central","Bienes","Equipamiento","México","Puebla","Alto","30","FAC021","F-2025-1021","2025-06-09","2025-07-09","MXN","1","57150","9144","66294","66294","Pagada","CC310","Experiencia","Banca Minorista","Mariana Torres","PAG0023","2025-07-12","Pago electrónico","Cuenta Pagos","Aplicado","REF-FAC021-2","MXN","1","26517.6","26517.6"
"REG0027","PRV006","Cloud Andino","Servicios","Tecnología","Colombia","Bogotá","Medio","30","FAC022","F-2025-1022","2025-06-14","2025-07-14","USD","17.51","2406","384.96","2790.96","48869.71","Pagada","CC420","Riesgos","Control","Carlos Vega","PAG0024","2025-07-12","Transferencia","Cuenta Operativa","Aplicado","REF-FAC022-1","USD","17.51","2790.96","48869.71"
"REG0028","PRV007","Mantenimiento Uno","Servicios","Mantenimiento","México","Mérida","Bajo","15","FAC023","F-2025-1023","2025-06-19","2025-07-04","MXN","1","61450","9832","71282","71282","Pagada","CC101","Operaciones","Banca Minorista","Laura Méndez","PAG0025","2025-07-01","Transferencia","Cuenta Pagos","Aplicado","REF-FAC023-1","MXN","1","71282","71282"
"REG0029","PRV008","Datos Globales","Servicios","Información","Estados Unidos","Austin","Medio","30","FAC024","F-2025-1024","2025-06-04","2025-07-04","USD","17.87","2552","408.32","2960.32","52900.92","Pendiente","CC205","Tecnología","Servicios Corporativos","Diego Salas","","","","","","","","","0","0"
