,,,CONTEXTO ACTIVO,,,,,,,,,,,,,
,,,,,,,,,,,,,,,,
,,,,,,Cálculo general,,Cálculo por fila,,,,,,,,
,,,,,,,,,,,,,,,,
,,,Filtros del contexto activo,,,PUNTUAL,,ITERATIVO,,,,DESACTIVA FILTROS SOLO DE LA COLUMNA,,,,
,,,,,,,,,,,,,,,,
,,,TABLA,COLUMNA,,VALOR,,VALORES,,ALL,,fract_transacciones[monto_usd],,,,
,,,,,,,,,,,,,,,,
,,,fact_transacciones,estado,,Rechazado,,,,,,,,,,
,,,,,,,,,,,,,,,,
,,,fact_transacciones,monto_usd,,,,> 1000,,,,,,,,
,,,,,,,,,,,,,,,,
,,,dim_cliente,pais_origen,,Chile,,,,,,,,,,
,,,,,,,,,,,Todas las transacciones rechazadas,,,,,
,,,dim_canal,digital,,1,,,,,del país de origen Chile y en canal digital con transacciones de depósito,,,,,
,,,,,,,,,,,con comisiones mayores a $5,,,,,
,,,producto,comision_usd,,,,> 5,,,,,,,,
,,,,,,,,,,,,,,,,
DESACTIVA,CONFLICTO,,fact_transacciones,tipo_transaccion,,Retiro,,,,,,,,,,
,,,,,,,,,,MEDIDA,Total de depósitos,,,,,
,,,Filtros de la medida,,,,,,,,,,,,,
,,,,,,,,,,=,CALCULATE(,,,,,
,,,TABLA,COLUMNA,,VALOR,,VALORES,,,"[Total de transacciones],",,,,,
,,,,,,,,,,,FILTER(,,,,,
MANTIENE,CONFLICTO,,fact_transacciones,tipo_transaccion,,Depósito,,=Depósito,,,,"fact_transacciones,",,,,
,,,,,,,,,,,,"fact_transacciones[tipo_transaccion]=""Depósito""",,,,
,,,,,,,,,,,),,,,,
,,,,,,,,,,),,,,,,
,,,,,,,,,,,,,,,,
,,,,,,,,,,,"fact_transacciones[tipo_transaccion]=""Depósito""",,,,,